{
    "name": "root",
    "total": 20.980550600972492,
    "count": 1,
    "self": 0.4646656859840732,
    "children": {
        "run_training.setup": {
            "total": 0.0921273379935883,
            "count": 1,
            "self": 0.0921273379935883
        },
        "TrainerController.start_learning": {
            "total": 20.42375757699483,
            "count": 1,
            "self": 2.268020716990577,
            "children": {
                "TrainerController._reset_env": {
                    "total": 18.155736860004254,
                    "count": 1,
                    "self": 18.155736860004254
                }
            }
        }
    }
}